Ledgercode,Ledgername
10500,İŞTİRAKLER VE BAĞLI ORTAKLIKLAR
10500,ŞUBE DIŞI (OFF- SITE) ATM KASASI
105000,ÖZKAYNAKLARDAN
105000,ŞUBE DIŞI (OFF- SITE) ATM ÇEKİLEN HESABI
105002,KATILMA HESAPLARINDAN
105002,ŞUBE DIŞI (OFF- SITE) ATM BOZUK PARA HESABI
105003,KATILMA HESAPLARI ÖZEL FON HESAPLARINDAN
105003,ŞUBE DIŞI (OFF- SITE)  RECYCLE ATM HESABI
10700,RÜCU EDİLEBİLİR
10700,XTM KASA HESABI TL
10701,RÜCU EDİLEMEZ
10701,XTM Kasa Hesabı TL
11701,XTM Kasa Hesabı YP
11701,İŞTİRAKLER VE BAĞLI ORTAKLIKLAR
11703,XTM Kasa Hesabı YP
11703,İŞTİRAKLER VE BAĞLI ORTAKLIKLAR KEFALETİYLE
21000,VADESİZ SERBEST HESAP
21000,ÖZKAYNAKLARDAN
21001,CARİ HESAPLARDAN
21001,TCMB ZORUNLU KARŞILIK YP SERBEST CARİ HESABI % 3
21002,HAVALE KUVERTÜRLERİ
21002,KATILMA HESAPLARINDAN
21003,KATILMA HESAPLARI ÖZEL FON HAVUZLARINDAN
21003,ND TCMB  YP VD HESAP
21004,KATILMA HESAPLARI YATIRIM VEKÂLETİ HAVUZLARINDAN
21004,TCMB TEMİNAT DEPO HESABI
22000,KAMU MEVDUAT BANKALARI
22000,KÂR PAYI TAHAKKUKLARI
22001,KÂR PAYI REESKONTLARI
22001,ÖZEL MEVDUAT BANKALARI
22002,KREDİ KOMİSYON VE DİĞER GELİR TAHAKKUKLARI
22002,YABANCI MEVDUAT BANKALARI
22003,KREDİ KOMİSYON VE DİĞER GELİR REESKONTLARI
22003,ÖZEL KANUNLARINA GÖRE MEVDUAT KABULÜNE YETKİLİ KURULUŞLAR
22004,DÖVİZE ENDEKSLİ KREDİLER ANAPARA KUR ARTIŞ TAHAKKUKLARI
22004,KATILIM BANKALARI
22005,DÖVİZE ENDEKSLİ KREDİLER ANAPARA KUR ARTIŞ REESKONTLARI
22005,KALKINMA VE YATIRIM BANKALARI
24000,BANKALAR
24000,SERBEST HESAP
24001,SERBEST OLMAYAN HESAP
24001,SİGORTA ORTAKLIKLARI
240010,MALİYET BEDELİ
240010,TEMİNAT
240011,BEDELSİZ HİSSELER
240011,DİĞER
24010,ORMAN İŞLETMELERİ
24010,SERBEST HESAP
240100,KISA VADELİ
240100,MALİYET BEDELİ
240101,BEDELSİZ HİSSELER
240101,ORTA VE UZUN VADELİ
24011,DİĞER MALİ İŞTİRAKLER
24011,SERBEST OLMAYAN HESAP
240110,KISA VADELİ
240110,MALİYET BEDELİ
240111,BEDELSİZ HİSSELER
240111,ORTA VE UZUN VADELİ
25000,KASALAR
25000,SERBEST HESAP
250000,KASALAR
250000,SERBEST VADESİZ YURTDIŞI HESAP
25001,BÜRO MAKİNALARI
25001,SERBEST OLMAYAN HESAP
250010,BÜRO MAKİNALARI
250010,TEMİNAT
250011,BÜRO MAKİNALARI
250011,DİĞER
25010,SERBEST HESAP
25010,STOK MENKULLER
250100,KISA VADELİ
250100,STOK MENKULLER KAYITLI BEDEL
26000,GEÇİCİ KURUMLAR VERGİSİ
26000,SERBEST HESAP
26001,SERBEST OLMAYAN HESAP
26001,TEVKİF EDİLEN GELİR VERGİLERİ
260010,GERİ SATIM VAADİ İLE ALIM İŞLEMLERİ VERGİSİ
260010,TEMİNAT
27000,BASILI KAĞIT
27000,SERBEST HESAP
27001,KIRTASİYE
27001,SERBEST OLMAYAN HESAP
30000,BORSAYA KOTE EDİLEN HİSSE SENETLERİ
30000,GERÇEK KİŞİLER - TİCARİ OLMAYAN (Y.İ.Y)
30100,BORSAYA KOTE EDİLEN HİSSE SENETLERİ
30100,YURTİÇİNDE YERLEŞİK GERÇEK KİŞİLER
30200,BORSAYA KOTE EDİLEN HİSSE SENETLERİ
30200,GERÇEK KİŞİLER - TİCARİ OLMAYAN (Y.D.Y)
32200,BİR AY VADELİ
32200,UZUN VADELİ YATIRIM AMAÇLI
322000,BORSAYA KOTE EDİLEN HİSSE SENETLERİ
322000,YURTİÇİNDE YERLEŞİK GERÇEK KİŞİLER ( TİCARİ OLMAYAN)
322001,BORSAYA KOTE OLMAYAN HİSSE SENETLERİ
322001,YURTDIŞINDA YERLEŞİK GERÇEK KİŞİLER (TİCARİ OLMAYAN)
32300,BİR AY VADELİ
32300,VADESİ GELMEMİŞ KUPONLAR -SUKUK
323000,VADESİ GELMEMİŞ KUPONLAR-SUKUK
323000,YURTİÇİNDE YERLEŞİK GERÇEK KİŞİLER (TİCARİ OLMAYAN)
32500,GELİR ORTAKLIĞI SENETLERİ
32500,YURT İÇİNDE YERLEŞİK GERÇEK KİŞİLER
32600,BİR AYA KADAR VADELİ (1 AY DAHİL)
32600,SUKUK YATIRIM FONU
32700,BİR AYA KADAR VADELİ (1 AY DAHİL)
32700,HİSSE SENETLERİ
32900,HİSSE SENETLERİ
32900,YURTİÇİ YERLEŞİK
32901,YATIRIM FONU KATILIM BELGELERİ
32901,YURTDIŞI YERLEŞİK
329010,B TİPİ SUKUK FONU DEĞER ARTIŞI
329010,KREDİ MÜŞTERİLERİ
329011,ORTAK VE ORTAKLIKLAR
329011,YATIRIM FONLARI DEĞER ARTIŞI
33200,UZUN VADELİ YATIRIM AMAÇLI
33200,YURTİÇİ İŞLEMLERDEN
332000,BORSAYA KOTE EDİLEN HİSSE SENETLERİ
332000,TÜRKİYE CUMHURİYET MERKEZ BANKASI
332001,BANKALAR
332001,BORSAYA KOTE OLMAYAN HİSSE SENETLERİ
33201,UZUN VADELİ YATIRIM AMAÇLI OLMAYAN
33201,YURTDIŞI İŞLEMLERDEN
332010,BORSAYA KOTE EDİLEN HİSSE SENETLERİ
332010,MERKEZ BANKALARI
332011,BANKALAR
332011,BORSAYA KOTE OLMAYAN HİSSE SENETLERİ
33300,VADESİ GELMEMİŞ KUPONLAR -SUKUK
33300,YURTİÇİ İŞLEMLERDEN
333000,TÜRKİYE CUMHURİYET MERKEZ BANKASI
333000,VADESİ GELMEMİŞ KUPONLAR SUKUK
33302,HİSSE SENEDİ KUPONLARI
33302,MENKUL DEĞERLERDEN BORÇLAR- YURTİÇİNDEN
33600,SATIŞ AMAÇLI ELDE TUTULAN DURAN VARLIK BORÇLARI
33600,YATIRIM FONU KATILIM BELGELERİ
33700,HİSSE SENETLERİ
33700,SATIŞ AMAÇLI ELDE TUTULAN DURAN VARLIK BORÇLARI
38013,HİSSE SENETLERİ
38013,İNŞAAT VE ONARIM ÖDEMELERİNDEN KESİLEN GELİR VERGİSİ
380130,BORSAYA KOTE EDİLEN HİSSE SENETLERİ
380130,YILLARA SARİ İNŞAAT VE ONARIM İŞLEMLERİNDEN KESİLEB VERGİ
38019,DİĞER
38019,DİĞER VERGİLER
380190,SATILMAYA HAZIR MENKUL DEĞERLER DEĞER DÜŞÜŞ KARŞILIĞI-SUKUK
380190,ÖDENECEK ÖZEL İŞLEM VERGİLERİ
39005,SERMAYEDE PAYI TEMSİL EDEN DİĞER MENKUL KIYMETLER
39005,TÜREV FİNANSAL ARAÇLARDAN BORÇLAR
39006,ELEKTRONİK PARA FONLARI
39006,GELİRE BAĞLI SENETLER
390060,ELEKTRONİK PARA KURULUŞLARI
390060,KİRA SERT.-AL.SAT.-DEĞ. DÜŞ. KARŞ.-HAZİNE-YP
390061,BANKALAR
390061,KİRA SERT.-AL.SAT.-DEĞ. DÜŞ. KARŞ.-ÖZEL-YP
50001,BANKALAR
50001,İŞTİRAKLER VE BAĞLI ORTAKLIKLAR
500010,BANKALAR
500010,ÖZKAYNAKLARDAN
5000100,BANKALAR
5000100,TL
50010,DİĞER MÜŞTERİLER- (KAMU)
50010,MERKEZ BANKALARI
500100,MERKEZ BANKALARI
500100,ÖZKAYNAKLARDAN
5001000,MERKEZ BANKALARI
5001000,TL
50011,BANKALAR
50011,DİĞER MÜŞTERİLER- (ÖZEL)
500110,BANKALAR
500110,ÖZKAYNAKLARDAN
5001100,BANKALAR
5001100,TL
51001,BANKALAR
51001,İŞTİRAKLER VE BAĞLI ORTAKLIKLAR
510010,BANKALAR
510010,ÖZKAYNAKLARDAN
5100100,BANKALAR
5100100,TL
51003,DİĞER MALİ KURUM VE KURULUŞLAR
51003,İŞTİRAKLER VE BAĞLI ORTAKLIKLAR KEFALETİYLE
510030,DİĞER MALİ KURUM VE KURULUŞLAR
510030,ÖZKAYNAKLARDAN
5100300,DİĞER MALİ KURUM VE KURULUŞLAR
5100300,TL
51010,DİĞER MÜŞTERİLER - (KAMU)
51010,MERKEZ BANKALARI
510100,MERKEZ BANKALARI
510100,ÖZKAYNAKLARDAN
5101000,MERKEZ BANKALARI
5101000,TL
51011,BANKALAR
51011,DİĞER MÜŞTERİLER - (ÖZEL)
510110,BANKALAR
510110,ÖZKAYNAKLARDAN
5101100,BANKALAR
5101100,TL
